{
    "rmse": 0.6432378907311814,
    "mae": 0.5043179515130264,
    "r2": 0.3282925701979801
}